,Title,Release Year,Certificate,Runtime,Genre,IMDB Rating,Meta Score,Director,Gross Earnings
0,The Shawshank Redemption,1994,A,142,Drama,9.3,80.0,Frank Darabont,28341469
1,The Godfather,1972,A,175,"Crime, Drama",9.2,100.0,Francis Ford Coppola,134966411
2,The Dark Knight,2008,UA,152,"Action, Crime, Drama",9.0,84.0,Christopher Nolan,534858444
3,The Godfather: Part II,1974,A,202,"Crime, Drama",9.0,90.0,Francis Ford Coppola,57300000
4,12 Angry Men,1957,U,96,"Crime, Drama",9.0,96.0,Sidney Lumet,4360000
5,The Lord of the Rings: The Return of the King,2003,U,201,"Action, Adventure, Drama",8.9,94.0,Peter Jackson,377845905
6,Pulp Fiction,1994,A,154,"Crime, Drama",8.9,94.0,Quentin Tarantino,107928762
7,Schindler's List,1993,A,195,"Biography, Drama, History",8.9,94.0,Steven Spielberg,96898818
8,Inception,2010,UA,148,"Action, Adventure, Sci-Fi",8.8,74.0,Christopher Nolan,292576195
9,Fight Club,1999,A,139,Drama,8.8,66.0,David Fincher,37030102
10,The Lord of the Rings: The Fellowship of the Ring,2001,U,178,"Action, Adventure, Drama",8.8,92.0,Peter Jackson,315544750
11,Forrest Gump,1994,UA,142,"Drama, Romance",8.8,82.0,Robert Zemeckis,330252182
12,"Il buono, il brutto, il cattivo",1966,A,161,Western,8.8,90.0,Sergio Leone,6100000
13,The Lord of the Rings: The Two Towers,2002,UA,179,"Action, Adventure, Drama",8.7,87.0,Peter Jackson,342551365
14,The Matrix,1999,A,136,"Action, Sci-Fi",8.7,73.0,Lana Wachowski,171479930
15,Goodfellas,1990,A,146,"Biography, Crime, Drama",8.7,90.0,Martin Scorsese,46836394
16,Star Wars: Episode V - The Empire Strikes Back,1980,UA,124,"Action, Adventure, Fantasy",8.7,82.0,Irvin Kershner,290475067
17,One Flew Over the Cuckoo's Nest,1975,A,133,Drama,8.7,83.0,Milos Forman,112000000
19,Gisaengchung,2019,A,132,"Comedy, Drama, Thriller",8.6,96.0,Bong Joon Ho,53367844
21,Interstellar,2014,UA,169,"Adventure, Drama, Sci-Fi",8.6,74.0,Christopher Nolan,188020017
22,Cidade de Deus,2002,A,130,"Crime, Drama",8.6,79.0,Fernando Meirelles,7563397
23,Sen to Chihiro no kamikakushi,2001,U,125,"Animation, Adventure, Family",8.6,96.0,Hayao Miyazaki,10055859
24,Saving Private Ryan,1998,R,169,"Drama, War",8.6,91.0,Steven Spielberg,216540909
25,The Green Mile,1999,A,189,"Crime, Drama, Fantasy",8.6,61.0,Frank Darabont,136801374
26,La vita è bella,1997,U,116,"Comedy, Drama, Romance",8.6,59.0,Roberto Benigni,57598247
27,Se7en,1995,A,127,"Crime, Drama, Mystery",8.6,65.0,David Fincher,100125643
28,The Silence of the Lambs,1991,A,118,"Crime, Drama, Thriller",8.6,85.0,Jonathan Demme,130742922
29,Star Wars,1977,UA,121,"Action, Adventure, Fantasy",8.6,90.0,George Lucas,322740140
31,Shichinin no samurai,1954,U,207,"Action, Adventure, Drama",8.6,98.0,Akira Kurosawa,269061
33,Joker,2019,A,122,"Crime, Drama, Thriller",8.5,59.0,Todd Phillips,335451311
34,Whiplash,2014,A,106,"Drama, Music",8.5,88.0,Damien Chazelle,13092000
35,The Intouchables,2011,UA,112,"Biography, Comedy, Drama",8.5,57.0,Olivier Nakache,13182281
36,The Prestige,2006,U,130,"Drama, Mystery, Sci-Fi",8.5,66.0,Christopher Nolan,53089891
37,The Departed,2006,A,151,"Crime, Drama, Thriller",8.5,85.0,Martin Scorsese,132384315
38,The Pianist,2002,R,150,"Biography, Drama, Music",8.5,85.0,Roman Polanski,32572577
39,Gladiator,2000,UA,155,"Action, Adventure, Drama",8.5,67.0,Ridley Scott,187705427
40,American History X,1998,R,119,Drama,8.5,62.0,Tony Kaye,6719864
41,The Usual Suspects,1995,A,106,"Crime, Mystery, Thriller",8.5,77.0,Bryan Singer,23341568
42,Léon,1994,A,110,"Action, Crime, Drama",8.5,64.0,Luc Besson,19501238
43,The Lion King,1994,U,88,"Animation, Adventure, Drama",8.5,88.0,Roger Allers,422783777
44,Terminator 2: Judgment Day,1991,U,137,"Action, Sci-Fi",8.5,75.0,James Cameron,204843350
45,Nuovo Cinema Paradiso,1988,U,155,"Drama, Romance",8.5,80.0,Giuseppe Tornatore,11990401
47,Back to the Future,1985,U,116,"Adventure, Comedy, Sci-Fi",8.5,87.0,Robert Zemeckis,210609762
48,Once Upon a Time in the West,1968,U,165,Western,8.5,80.0,Sergio Leone,5321508
49,Psycho,1960,A,109,"Horror, Mystery, Thriller",8.5,97.0,Alfred Hitchcock,32000000
50,Casablanca,1942,U,102,"Drama, Romance, War",8.5,100.0,Michael Curtiz,1024560
51,Modern Times,1936,G,87,"Comedy, Drama, Family",8.5,96.0,Charles Chaplin,163245
52,City Lights,1931,G,87,"Comedy, Drama, Romance",8.5,99.0,Charles Chaplin,19181
53,Capharnaüm,2018,A,126,Drama,8.4,75.0,Nadine Labaki,1661096
56,Kimi no na wa.,2016,U,106,"Animation, Drama, Fantasy",8.4,79.0,Makoto Shinkai,5017246
58,Spider-Man: Into the Spider-Verse,2018,U,117,"Animation, Action, Adventure",8.4,87.0,Bob Persichetti,190241310
59,Avengers: Endgame,2019,UA,181,"Action, Adventure, Drama",8.4,78.0,Anthony Russo,858373000
60,Avengers: Infinity War,2018,UA,149,"Action, Adventure, Sci-Fi",8.4,68.0,Anthony Russo,678815482
61,Coco,2017,U,105,"Animation, Adventure, Family",8.4,81.0,Lee Unkrich,209726015
62,Django Unchained,2012,A,165,"Drama, Western",8.4,81.0,Quentin Tarantino,162805434
63,The Dark Knight Rises,2012,UA,164,"Action, Adventure",8.4,78.0,Christopher Nolan,448139099
64,3 Idiots,2009,UA,170,"Comedy, Drama",8.4,67.0,Rajkumar Hirani,6532908
66,WALL·E,2008,U,98,"Animation, Adventure, Family",8.4,95.0,Andrew Stanton,223808164
67,The Lives of Others,2006,A,137,"Drama, Mystery, Thriller",8.4,89.0,Florian Henckel von Donnersmarck,11286112
68,Oldeuboi,2003,A,101,"Action, Drama, Mystery",8.4,77.0,Chan-wook Park,707481
69,Memento,2000,UA,113,"Mystery, Thriller",8.4,80.0,Christopher Nolan,25544867
70,Mononoke-hime,1997,U,134,"Animation, Action, Adventure",8.4,76.0,Hayao Miyazaki,2375308
72,Raiders of the Lost Ark,1981,A,115,"Action, Adventure",8.4,85.0,Steven Spielberg,248159971
73,The Shining,1980,A,146,"Drama, Horror",8.4,66.0,Stanley Kubrick,44017374
74,Apocalypse Now,1979,R,147,"Drama, Mystery, War",8.4,94.0,Francis Ford Coppola,83471511
75,Alien,1979,R,117,"Horror, Sci-Fi",8.4,89.0,Ridley Scott,78900000
78,Dr. Strangelove or: How I Learned to Stop Worrying and Love the Bomb,1964,A,95,Comedy,8.4,97.0,Stanley Kubrick,275902
81,Rear Window,1954,U,112,"Mystery, Thriller",8.4,100.0,Alfred Hitchcock,36764313
84,1917,2019,R,119,"Drama, Thriller, War",8.3,78.0,Sam Mendes,159227644
88,Jagten,2012,R,115,Drama,8.3,77.0,Thomas Vinterberg,687185
89,Jodaeiye Nader az Simin,2011,PG-13,123,Drama,8.3,95.0,Asghar Farhadi,7098492
90,Incendies,2010,R,131,"Drama, Mystery, War",8.3,80.0,Denis Villeneuve,6857096
93,Inglourious Basterds,2009,A,153,"Adventure, Drama, War",8.3,69.0,Quentin Tarantino,120540719
94,Eternal Sunshine of the Spotless Mind,2004,UA,108,"Drama, Romance, Sci-Fi",8.3,89.0,Michel Gondry,34400301
95,Amélie,2001,U,122,"Comedy, Romance",8.3,69.0,Jean-Pierre Jeunet,33225499
96,Snatch,2000,UA,104,"Comedy, Crime",8.3,55.0,Guy Ritchie,30328156
97,Requiem for a Dream,2000,A,102,Drama,8.3,68.0,Darren Aronofsky,3635482
98,American Beauty,1999,UA,122,Drama,8.3,84.0,Sam Mendes,130096601
99,Good Will Hunting,1997,U,126,"Drama, Romance",8.3,70.0,Gus Van Sant,138433435
100,Bacheha-Ye aseman,1997,PG,89,"Drama, Family, Sport",8.3,77.0,Majid Majidi,933933
101,Toy Story,1995,U,81,"Animation, Adventure, Comedy",8.3,95.0,John Lasseter,191796233
102,Braveheart,1995,A,178,"Biography, Drama, History",8.3,68.0,Mel Gibson,75600000
103,Reservoir Dogs,1992,R,99,"Crime, Drama, Thriller",8.3,79.0,Quentin Tarantino,2832029
104,Full Metal Jacket,1987,UA,116,"Drama, War",8.3,76.0,Stanley Kubrick,46357676
106,Aliens,1986,U,137,"Action, Adventure, Sci-Fi",8.3,84.0,James Cameron,85160248
107,Amadeus,1984,R,160,"Biography, Drama, History",8.3,88.0,Milos Forman,51973029
108,Scarface,1983,A,170,"Crime, Drama",8.3,65.0,Brian De Palma,45598982
109,Star Wars: Episode VI - Return of the Jedi,1983,U,131,"Action, Adventure, Fantasy",8.3,58.0,Richard Marquand,309125409
110,Das Boot,1981,R,149,"Adventure, Drama, Thriller",8.3,86.0,Wolfgang Petersen,11487676
111,Taxi Driver,1976,A,114,"Crime, Drama",8.3,94.0,Martin Scorsese,28262574
112,The Sting,1973,U,129,"Comedy, Crime, Drama",8.3,83.0,George Roy Hill,159600000
113,A Clockwork Orange,1971,A,136,"Crime, Drama, Sci-Fi",8.3,77.0,Stanley Kubrick,6207725
114,2001: A Space Odyssey,1968,U,149,"Adventure, Sci-Fi",8.3,84.0,Stanley Kubrick,56954992
115,Per qualche dollaro in più,1965,U,132,Western,8.3,74.0,Sergio Leone,15000000
116,Lawrence of Arabia,1962,U,228,"Adventure, Biography, Drama",8.3,100.0,David Lean,44824144
117,The Apartment,1960,U,125,"Comedy, Drama, Romance",8.3,94.0,Billy Wilder,18600000
118,North by Northwest,1959,U,136,"Adventure, Mystery, Thriller",8.3,98.0,Alfred Hitchcock,13275000
119,Vertigo,1958,A,128,"Mystery, Romance, Thriller",8.3,100.0,Alfred Hitchcock,3200000
120,Singin' in the Rain,1952,G,103,"Comedy, Musical, Romance",8.3,99.0,Stanley Donen,8819028
123,Double Indemnity,1944,Passed,107,"Crime, Drama, Film-Noir",8.3,95.0,Billy Wilder,5720000
124,Citizen Kane,1941,UA,119,"Drama, Mystery",8.3,100.0,Orson Welles,1585634
131,Green Book,2018,UA,130,"Biography, Comedy, Drama",8.2,69.0,Peter Farrelly,85080171
132,"Three Billboards Outside Ebbing, Missouri",2017,A,115,"Comedy, Crime, Drama",8.2,88.0,Martin McDonagh,54513740
143,El secreto de sus ojos,2009,R,129,"Drama, Mystery, Romance",8.2,80.0,Juan José Campanella,6391436
144,Warrior,2011,UA,140,"Action, Drama, Sport",8.2,71.0,Gavin O'Connor,13657115
145,Shutter Island,2010,A,138,"Mystery, Thriller",8.2,63.0,Martin Scorsese,128012934
146,Up,2009,U,96,"Animation, Adventure, Comedy",8.2,88.0,Pete Docter,293004164
147,The Wolf of Wall Street,2013,A,180,"Biography, Crime, Drama",8.2,75.0,Martin Scorsese,116900694
148,Chak De! India,2007,U,153,"Drama, Family, Sport",8.2,68.0,Shimit Amin,1113541
149,There Will Be Blood,2007,A,158,Drama,8.2,93.0,Paul Thomas Anderson,40222514
150,Pan's Labyrinth,2006,UA,118,"Drama, Fantasy, War",8.2,98.0,Guillermo del Toro,37634615
151,Toy Story 3,2010,U,103,"Animation, Adventure, Comedy",8.2,92.0,Lee Unkrich,415004880
152,V for Vendetta,2005,A,132,"Action, Drama, Sci-Fi",8.2,62.0,James McTeigue,70511035
155,Batman Begins,2005,UA,140,"Action, Adventure",8.2,70.0,Christopher Nolan,206852432
157,Der Untergang,2004,R,156,"Biography, Drama, History",8.2,82.0,Oliver Hirschbiegel,5509040
158,Hauru no ugoku shiro,2004,U,119,"Animation, Adventure, Family",8.2,80.0,Hayao Miyazaki,4711096
159,A Beautiful Mind,2001,UA,135,"Biography, Drama",8.2,72.0,Ron Howard,170742341
161,"Lock, Stock and Two Smoking Barrels",1998,A,107,"Action, Comedy, Crime",8.2,66.0,Guy Ritchie,3897569
162,L.A. Confidential,1997,A,138,"Crime, Drama, Mystery",8.2,90.0,Curtis Hanson,64616940
164,Heat,1995,A,170,"Crime, Drama, Thriller",8.2,76.0,Michael Mann,67436818
165,Casino,1995,A,178,"Crime, Drama",8.2,73.0,Martin Scorsese,42438300
167,Unforgiven,1992,A,130,"Drama, Western",8.2,85.0,Clint Eastwood,101157447
168,Indiana Jones and the Last Crusade,1989,U,127,"Action, Adventure",8.2,65.0,Steven Spielberg,197171806
170,Tonari no Totoro,1988,U,86,"Animation, Family, Fantasy",8.2,86.0,Hayao Miyazaki,1105564
171,Die Hard,1988,A,132,"Action, Thriller",8.2,72.0,John McTiernan,83008852
172,Ran,1985,U,162,"Action, Drama, War",8.2,96.0,Akira Kurosawa,4135750
173,Raging Bull,1980,A,129,"Biography, Drama, Sport",8.2,89.0,Martin Scorsese,23383987
178,Monty Python and the Holy Grail,1975,PG,91,"Adventure, Comedy, Fantasy",8.2,91.0,Terry Gilliam,1229197
179,The Great Escape,1963,U,172,"Adventure, Drama, History",8.2,86.0,John Sturges,12100000
183,Some Like It Hot,1959,U,121,"Comedy, Music, Romance",8.2,98.0,Billy Wilder,25000000
187,Dial M for Murder,1954,A,105,"Crime, Thriller",8.2,75.0,Alfred Hitchcock,12562
190,All About Eve,1950,Passed,138,Drama,8.2,98.0,Joseph L. Mankiewicz,10177
191,The Treasure of the Sierra Madre,1948,Passed,126,"Adventure, Drama, Western",8.2,98.0,John Huston,5014000
195,Portrait de la jeune fille en feu,2019,R,122,"Drama, Romance",8.1,95.0,Céline Sciamma,3759854
199,Ah-ga-ssi,2016,A,145,"Drama, Romance, Thriller",8.1,84.0,Chan-wook Park,2006788
200,Mommy,2014,R,139,Drama,8.1,74.0,Xavier Dolan,3492754
202,Logan,2017,A,137,"Action, Drama, Sci-Fi",8.1,77.0,James Mangold,226277068
203,Room,2015,R,118,"Drama, Thriller",8.1,86.0,Lenny Abrahamson,14677674
204,Relatos salvajes,2014,R,122,"Comedy, Drama, Thriller",8.1,77.0,Damián Szifron,3107072
209,The Grand Budapest Hotel,2014,UA,99,"Adventure, Comedy, Crime",8.1,88.0,Wes Anderson,59100318
210,Gone Girl,2014,A,149,"Drama, Mystery, Thriller",8.1,79.0,David Fincher,167767189
212,Hacksaw Ridge,2016,A,139,"Biography, Drama, History",8.1,71.0,Mel Gibson,67209615
213,Inside Out,2015,U,95,"Animation, Adventure, Comedy",8.1,94.0,Pete Docter,356461711
215,12 Years a Slave,2013,A,134,"Biography, Drama, History",8.1,96.0,Steve McQueen,56671993
216,Rush,2013,UA,123,"Action, Biography, Drama",8.1,74.0,Ron Howard,26947624
217,Ford v Ferrari,2019,UA,152,"Action, Biography, Drama",8.1,81.0,James Mangold,117624028
218,Spotlight,2015,A,129,"Biography, Crime, Drama",8.1,93.0,Tom McCarthy,45055776
219,Song of the Sea,2014,PG,93,"Animation, Adventure, Drama",8.1,85.0,Tomm Moore,857524
222,Prisoners,2013,A,153,"Crime, Drama, Mystery",8.1,70.0,Denis Villeneuve,61002302
223,Mad Max: Fury Road,2015,UA,120,"Action, Adventure, Sci-Fi",8.1,90.0,George Miller,154058340
225,Gran Torino,2008,R,116,Drama,8.1,72.0,Clint Eastwood,148095302
226,Harry Potter and the Deathly Hallows: Part 2,2011,UA,130,"Adventure, Drama, Fantasy",8.1,85.0,David Yates,381011219
227,Okuribito,2008,PG-13,130,"Drama, Music",8.1,68.0,Yôjirô Takita,1498210
230,How to Train Your Dragon,2010,U,98,"Animation, Action, Adventure",8.1,75.0,Dean DeBlois,217581231
231,Into the Wild,2007,R,148,"Adventure, Biography, Drama",8.1,73.0,Sean Penn,18354356
232,No Country for Old Men,2007,R,122,"Crime, Drama, Thriller",8.1,91.0,Ethan Coen,74283625
234,Million Dollar Baby,2004,UA,132,"Drama, Sport",8.1,86.0,Clint Eastwood,100492203
235,Hotel Rwanda,2004,PG-13,121,"Biography, Drama, History",8.1,79.0,Terry George,23530892
236,Taegukgi hwinalrimyeo,2004,R,140,"Action, Drama, War",8.1,64.0,Je-kyu Kang,1111061
237,Before Sunset,2004,R,80,"Drama, Romance",8.1,90.0,Richard Linklater,5820649
239,Salinui chueok,2003,UA,131,"Crime, Drama, Mystery",8.1,82.0,Bong Joon Ho,14131
241,Kill Bill: Vol. 1,2003,R,111,"Action, Crime, Drama",8.1,69.0,Quentin Tarantino,70099045
242,Finding Nemo,2003,U,100,"Animation, Adventure, Comedy",8.1,90.0,Andrew Stanton,380843261
243,Catch Me If You Can,2002,A,141,"Biography, Crime, Drama",8.1,75.0,Steven Spielberg,164615351
244,Amores perros,2000,A,154,"Drama, Thriller",8.1,83.0,Alejandro G. Iñárritu,5383834
245,"Monsters, Inc.",2001,U,92,"Animation, Adventure, Comedy",8.1,79.0,Pete Docter,289916256
247,Lagaan: Once Upon a Time in India,2001,U,224,"Adventure, Drama, Musical",8.1,84.0,Ashutosh Gowariker,70147
248,The Sixth Sense,1999,A,107,"Drama, Mystery, Thriller",8.1,64.0,M. Night Shyamalan,293506292
249,La leggenda del pianista sull'oceano,1998,U,169,"Drama, Music, Romance",8.1,58.0,Giuseppe Tornatore,259127
250,The Truman Show,1998,U,103,"Comedy, Drama",8.1,90.0,Peter Weir,125618201
251,"Crna macka, beli macor",1998,R,127,"Comedy, Crime, Romance",8.1,73.0,Emir Kusturica,348660
252,The Big Lebowski,1998,R,117,"Comedy, Crime, Sport",8.1,71.0,Joel Coen,17498804
253,Fa yeung nin wah,2000,U,98,"Drama, Romance",8.1,85.0,Kar-Wai Wong,2734044
254,Trainspotting,1996,A,93,Drama,8.1,83.0,Danny Boyle,16501785
255,Fargo,1996,A,98,"Crime, Drama, Thriller",8.1,85.0,Joel Coen,24611975
259,Before Sunrise,1995,R,101,"Drama, Romance",8.1,77.0,Richard Linklater,5535405
260,Trois couleurs: Rouge,1994,U,99,"Drama, Mystery, Romance",8.1,100.0,Krzysztof Kieslowski,4043686
261,Chung Hing sam lam,1994,U,102,"Comedy, Crime, Drama",8.1,77.0,Kar-Wai Wong,600200
262,Jurassic Park,1993,UA,127,"Action, Adventure, Sci-Fi",8.1,68.0,Steven Spielberg,402453882
263,In the Name of the Father,1993,UA,133,"Biography, Crime, Drama",8.1,84.0,Jim Sheridan,25010410
266,Dead Poets Society,1989,U,128,"Comedy, Drama",8.1,79.0,Peter Weir,95860116
267,Stand by Me,1986,U,89,"Adventure, Drama",8.1,75.0,Rob Reiner,52287414
268,Platoon,1986,A,120,"Drama, War",8.1,92.0,Oliver Stone,138530565
269,"Paris, Texas",1984,U,145,Drama,8.1,78.0,Wim Wenders,2181987
270,Kaze no tani no Naushika,1984,U,117,"Animation, Adventure, Fantasy",8.1,86.0,Hayao Miyazaki,495770
271,The Thing,1982,A,109,"Horror, Mystery, Sci-Fi",8.1,57.0,John Carpenter,13782838
272,Pink Floyd: The Wall,1982,UA,95,"Drama, Fantasy, Music",8.1,47.0,Alan Parker,22244207
274,Fanny och Alexander,1982,A,188,Drama,8.1,100.0,Ingmar Bergman,4971340
275,Blade Runner,1982,UA,117,"Action, Sci-Fi, Thriller",8.1,84.0,Ridley Scott,32868943
277,Life of Brian,1979,R,94,Comedy,8.1,77.0,Terry Jones,20045115
278,The Deer Hunter,1978,A,183,"Drama, War",8.1,86.0,Michael Cimino,48979328
279,Rocky,1976,U,120,"Drama, Sport",8.1,70.0,John G. Avildsen,117235247
283,Chinatown,1974,UA,130,"Drama, Mystery, Thriller",8.1,92.0,Roman Polanski,29000000
284,Paper Moon,1973,U,102,"Comedy, Crime, Drama",8.1,77.0,Peter Bogdanovich,30933743
288,Cool Hand Luke,1967,A,127,"Crime, Drama",8.1,92.0,Stuart Rosenberg,16217773
293,What Ever Happened to Baby Jane?,1962,Passed,134,"Drama, Horror, Thriller",8.1,75.0,Robert Aldrich,4050000
300,Ben-Hur,1959,U,212,"Adventure, Drama, History",8.1,90.0,William Wyler,74700000
304,The Bridge on the River Kwai,1957,PG,161,"Adventure, Drama, War",8.1,87.0,David Lean,44908000
305,On the Waterfront,1954,A,108,"Crime, Drama, Thriller",8.1,91.0,Elia Kazan,9600000
307,Ace in the Hole,1951,Approved,111,"Drama, Film-Noir",8.1,72.0,Billy Wilder,3969893
309,The Third Man,1949,Approved,104,"Film-Noir, Mystery, Thriller",8.1,97.0,Carol Reed,449191
312,Rebecca,1940,Approved,130,"Drama, Mystery, Romance",8.1,86.0,Alfred Hitchcock,4360000
313,Mr. Smith Goes to Washington,1939,Passed,129,"Comedy, Drama",8.1,73.0,Frank Capra,9600000
314,Gone with the Wind,1939,U,238,"Drama, History, Romance",8.1,97.0,Victor Fleming,198676459
316,It Happened One Night,1934,Approved,105,"Comedy, Romance",8.1,87.0,Frank Capra,4360000
327,La La Land,2016,A,128,"Comedy, Drama, Music",8.0,94.0,Damien Chazelle,151101803
328,Lion,2016,U,118,"Biography, Drama",8.0,69.0,Garth Davis,51739495
329,The Martian,2015,UA,144,"Adventure, Drama, Sci-Fi",8.0,80.0,Ridley Scott,228433663
330,Zootopia,2016,U,108,"Animation, Adventure, Comedy",8.0,78.0,Byron Howard,341268248
332,Kaguyahime no monogatari,2013,U,137,"Animation, Adventure, Drama",8.0,89.0,Isao Takahata,1506975
333,Wonder,2017,U,113,"Drama, Family",8.0,66.0,Stephen Chbosky,132422809
334,Gully Boy,2019,UA,154,"Drama, Music, Romance",8.0,65.0,Zoya Akhtar,5566534
336,Short Term 12,2013,R,96,Drama,8.0,82.0,Destin Daniel Cretton,1010414
337,Serbuan maut 2: Berandal,2014,A,150,"Action, Crime, Thriller",8.0,71.0,Gareth Evans,2625803
338,The Imitation Game,2014,UA,114,"Biography, Drama, Thriller",8.0,73.0,Morten Tyldum,91125683
339,Guardians of the Galaxy,2014,UA,121,"Action, Adventure, Comedy",8.0,76.0,James Gunn,333176600
340,Blade Runner 2049,2017,UA,164,"Action, Drama, Mystery",8.0,81.0,Denis Villeneuve,92054159
341,Her,2013,A,126,"Drama, Romance, Sci-Fi",8.0,90.0,Spike Jonze,25568251
342,Bohemian Rhapsody,2018,UA,134,"Biography, Drama, Music",8.0,49.0,Bryan Singer,216428042
343,The Revenant,2015,A,156,"Action, Adventure, Drama",8.0,76.0,Alejandro G. Iñárritu,183637894
344,The Perks of Being a Wallflower,2012,UA,103,"Drama, Romance",8.0,67.0,Stephen Chbosky,17738570
346,The King's Speech,2010,U,118,"Biography, Drama, History",8.0,88.0,Tom Hooper,138797449
347,The Help,2011,UA,146,Drama,8.0,62.0,Tate Taylor,169708112
348,Deadpool,2016,R,108,"Action, Adventure, Comedy",8.0,65.0,Tim Miller,363070709
349,Darbareye Elly,2009,TV-PG,119,"Drama, Mystery",8.0,87.0,Asghar Farhadi,106662
352,My Name Is Khan,2010,UA,165,Drama,8.0,50.0,Karan Johar,4018695
354,Slumdog Millionaire,2008,UA,120,"Drama, Romance",8.0,84.0,Danny Boyle,141319928
355,Black Swan,2010,A,108,"Drama, Thriller",8.0,79.0,Darren Aronofsky,106954678
356,Tropa de Elite,2007,R,115,"Action, Crime, Drama",8.0,33.0,José Padilha,8060
357,The Avengers,2012,UA,143,"Action, Adventure, Sci-Fi",8.0,69.0,Joss Whedon,623279547
358,Persepolis,2007,PG-13,96,"Animation, Biography, Drama",8.0,90.0,Vincent Paronnaud,4445756
359,Dallas Buyers Club,2013,R,117,"Biography, Drama",8.0,80.0,Jean-Marc Vallée,27298285
360,The Pursuit of Happyness,2006,U,117,"Biography, Drama",8.0,64.0,Gabriele Muccino,163566459
361,Blood Diamond,2006,A,143,"Adventure, Drama, Thriller",8.0,64.0,Edward Zwick,57366262
362,The Bourne Ultimatum,2007,UA,115,"Action, Mystery, Thriller",8.0,85.0,Paul Greengrass,227471070
363,Bin-jip,2004,U,88,"Crime, Drama, Romance",8.0,72.0,Ki-duk Kim,238507
364,Sin City,2005,A,124,"Crime, Thriller",8.0,74.0,Frank Miller,74103820
365,Le scaphandre et le papillon,2007,PG-13,112,"Biography, Drama",8.0,92.0,Julian Schnabel,5990075
367,Ratatouille,2007,U,111,"Animation, Adventure, Comedy",8.0,96.0,Brad Bird,206445654
368,Casino Royale,2006,PG-13,144,"Action, Adventure, Thriller",8.0,80.0,Martin Campbell,167445960
369,Kill Bill: Vol. 2,2004,A,137,"Action, Crime, Thriller",8.0,83.0,Quentin Tarantino,66208183
371,Bom Yeoareum Gaeul Gyeoul Geurigo Bom,2003,R,103,"Drama, Romance",8.0,85.0,Ki-duk Kim,2380788
372,Mar adentro,2014,U,126,"Biography, Drama",8.0,74.0,Alejandro Amenábar,2086345
373,Cinderella Man,2005,UA,144,"Biography, Drama, History",8.0,69.0,Ron Howard,61649911
374,Kal Ho Naa Ho,2003,U,186,"Comedy, Drama, Musical",8.0,54.0,Nikkhil Advani,1787378
375,Mou gaan dou,2002,UA,101,"Action, Crime, Drama",8.0,75.0,Andrew Lau,169659
376,Pirates of the Caribbean: The Curse of the Black Pearl,2003,UA,143,"Action, Adventure, Fantasy",8.0,63.0,Gore Verbinski,305413918
377,Big Fish,2003,U,125,"Adventure, Drama, Fantasy",8.0,58.0,Tim Burton,66257002
378,The Incredibles,2004,U,115,"Animation, Action, Adventure",8.0,90.0,Brad Bird,261441092
380,Dogville,2003,R,178,"Crime, Drama",8.0,60.0,Lars von Trier,1530386
382,Donnie Darko,2001,R,113,"Drama, Mystery, Sci-Fi",8.0,88.0,Richard Kelly,1480006
383,Magnolia,1999,R,188,Drama,8.0,77.0,Paul Thomas Anderson,22455976
384,Dancer in the Dark,2000,U,140,"Crime, Drama, Musical",8.0,61.0,Lars von Trier,4184036
385,The Straight Story,1999,U,112,"Biography, Drama",8.0,86.0,David Lynch,6203044
387,Festen,1998,R,105,Drama,8.0,82.0,Thomas Vinterberg,1647780
388,Central do Brasil,1998,R,110,Drama,8.0,80.0,Walter Salles,5595428
389,The Iron Giant,1999,PG,86,"Animation, Action, Adventure",8.0,85.0,Brad Bird,23159305
391,Sling Blade,1996,R,135,Drama,8.0,84.0,Billy Bob Thornton,24475416
392,Secrets & Lies,1996,U,136,"Comedy, Drama",8.0,91.0,Mike Leigh,13417292
393,Twelve Monkeys,1995,A,129,"Mystery, Sci-Fi, Thriller",8.0,74.0,Terry Gilliam,57141459
394,Kôkaku Kidôtai,1995,UA,83,"Animation, Action, Crime",8.0,76.0,Mamoru Oshii,515905
395,The Nightmare Before Christmas,1993,U,76,"Animation, Family, Fantasy",8.0,82.0,Henry Selick,75082668
396,Groundhog Day,1993,U,101,"Comedy, Fantasy, Romance",8.0,72.0,Harold Ramis,70906973
397,Bound by Honor,1993,R,180,"Crime, Drama",8.0,47.0,Taylor Hackford,4496583
398,Scent of a Woman,1992,UA,156,Drama,8.0,59.0,Martin Brest,63895607
399,Aladdin,1992,U,90,"Animation, Adventure, Comedy",8.0,86.0,Ron Clements,217350219
400,JFK,1991,UA,189,"Drama, History, Thriller",8.0,72.0,Oliver Stone,70405498
401,Beauty and the Beast,1991,G,84,"Animation, Family, Fantasy",8.0,95.0,Gary Trousdale,218967620
402,Dances with Wolves,1990,U,181,"Adventure, Drama, Western",8.0,72.0,Kevin Costner,184208848
403,Do the Right Thing,1989,R,120,"Comedy, Drama",8.0,93.0,Spike Lee,27545445
404,Rain Man,1988,U,133,Drama,8.0,65.0,Barry Levinson,178800000
406,The Princess Bride,1987,U,98,"Adventure, Family, Fantasy",8.0,77.0,Rob Reiner,30857814
407,Der Himmel über Berlin,1987,U,128,"Drama, Fantasy, Romance",8.0,79.0,Wim Wenders,3333969
408,Au revoir les enfants,1987,U,104,"Drama, War",8.0,88.0,Louis Malle,4542825
410,The Terminator,1984,UA,107,"Action, Sci-Fi",8.0,84.0,James Cameron,38400000
411,Gandhi,1982,U,191,"Biography, Drama, History",8.0,79.0,Richard Attenborough,52767889
413,Being There,1979,PG,130,"Comedy, Drama",8.0,83.0,Hal Ashby,30177511
414,Annie Hall,1977,A,93,"Comedy, Romance",8.0,92.0,Woody Allen,39200000
415,Jaws,1975,A,124,"Adventure, Thriller",8.0,87.0,Steven Spielberg,260000000
416,Dog Day Afternoon,1975,U,125,"Biography, Crime, Drama",8.0,86.0,Sidney Lumet,50000000
417,Young Frankenstein,1974,A,106,Comedy,8.0,80.0,Mel Brooks,86300000
418,Papillon,1973,R,151,"Biography, Crime, Drama",8.0,58.0,Franklin J. Schaffner,53267000
419,The Exorcist,1973,A,122,Horror,8.0,81.0,William Friedkin,232906145
421,The Last Picture Show,1971,R,118,"Drama, Romance",8.0,93.0,Peter Bogdanovich,29133000
422,Fiddler on the Roof,1971,G,181,"Drama, Family, Musical",8.0,67.0,Norman Jewison,80500000
423,Il conformista,1970,UA,113,Drama,8.0,100.0,Bernardo Bertolucci,541940
424,Butch Cassidy and the Sundance Kid,1969,PG,110,"Biography, Crime, Drama",8.0,66.0,George Roy Hill,102308889
426,Planet of the Apes,1968,U,112,"Adventure, Sci-Fi",8.0,79.0,Franklin J. Schaffner,33395426
427,The Graduate,1967,A,106,"Comedy, Drama, Romance",8.0,83.0,Mike Nichols,104945305
429,The Sound of Music,1965,U,172,"Biography, Drama, Family",8.0,63.0,Robert Wise,163214286
430,Doctor Zhivago,1965,A,197,"Drama, Romance, War",8.0,69.0,David Lean,111722000
431,Per un pugno di dollari,1964,A,99,"Action, Drama, Western",8.0,65.0,Sergio Leone,14500000
434,The Hustler,1961,A,134,"Drama, Sport",8.0,90.0,Robert Rossen,8284000
435,La dolce vita,1960,A,174,"Comedy, Drama",8.0,95.0,Federico Fellini,19516000
436,Rio Bravo,1959,Passed,141,"Action, Drama, Western",8.0,93.0,Howard Hawks,12535000
438,Touch of Evil,1958,PG-13,95,"Crime, Drama, Film-Noir",8.0,99.0,Orson Welles,2237659
439,Cat on a Hot Tin Roof,1958,A,108,Drama,8.0,84.0,Richard Brooks,17570324
447,A Streetcar Named Desire,1951,A,122,Drama,8.0,97.0,Elia Kazan,8000000
454,The Best Years of Our Lives,1946,Approved,170,"Drama, Romance, War",8.0,93.0,William Wyler,23650000
457,The Grapes of Wrath,1940,Passed,129,"Drama, History",8.0,96.0,John Ford,55000
458,The Wizard of Oz,1939,U,102,"Adventure, Family, Fantasy",8.0,92.0,Victor Fleming,2076020
461,All Quiet on the Western Front,1930,U,152,"Drama, War",8.0,91.0,Lewis Milestone,3270000
463,Knives Out,2019,UA,130,"Comedy, Crime, Drama",7.9,82.0,Rian Johnson,165359751
465,Manbiki kazoku,2018,A,121,"Crime, Drama",7.9,93.0,Hirokazu Koreeda,3313513
466,Marriage Story,2019,U,137,"Comedy, Drama, Romance",7.9,94.0,Noah Baumbach,2000000
467,Call Me by Your Name,2017,UA,132,"Drama, Romance",7.9,93.0,Luca Guadagnino,18095701
468,"I, Daniel Blake",2016,UA,100,Drama,7.9,78.0,Ken Loach,258168
469,Isle of Dogs,2018,U,101,"Animation, Adventure, Comedy",7.9,82.0,Wes Anderson,32015231
470,Hunt for the Wilderpeople,2016,UA,101,"Adventure, Comedy, Drama",7.9,81.0,Taika Waititi,5202582
471,Captain Fantastic,2016,R,118,"Comedy, Drama",7.9,72.0,Matt Ross,5875006
472,Sing Street,2016,PG-13,106,"Comedy, Drama, Music",7.9,79.0,John Carney,3237118
473,Thor: Ragnarok,2017,UA,130,"Action, Adventure, Comedy",7.9,74.0,Taika Waititi,315058289
474,Nightcrawler,2014,A,117,"Crime, Drama, Thriller",7.9,76.0,Dan Gilroy,32381218
475,Jojo Rabbit,2019,UA,108,"Comedy, Drama, War",7.9,58.0,Taika Waititi,349555
476,Arrival,2016,UA,116,"Drama, Sci-Fi",7.9,81.0,Denis Villeneuve,100546139
477,Star Wars: Episode VII - The Force Awakens,2015,U,138,"Action, Adventure, Sci-Fi",7.9,80.0,J.J. Abrams,936662225
478,Before Midnight,2013,R,109,"Drama, Romance",7.9,94.0,Richard Linklater,8114627
479,X-Men: Days of Future Past,2014,UA,132,"Action, Adventure, Sci-Fi",7.9,75.0,Bryan Singer,233921534
481,The Artist,2011,U,100,"Comedy, Drama, Romance",7.9,89.0,Michel Hazanavicius,44671682
482,Edge of Tomorrow,2014,UA,113,"Action, Adventure, Sci-Fi",7.9,71.0,Doug Liman,100206256
483,Amour,2012,UA,127,"Drama, Romance",7.9,94.0,Michael Haneke,6739492
484,The Irishman,2019,R,209,"Biography, Crime, Drama",7.9,94.0,Martin Scorsese,7000000
485,Un prophète,2009,A,155,"Crime, Drama",7.9,90.0,Jacques Audiard,2084637
486,Moon,2009,R,97,"Drama, Mystery, Sci-Fi",7.9,67.0,Duncan Jones,5009677
487,Låt den rätte komma in,2008,R,114,"Crime, Drama, Fantasy",7.9,82.0,Tomas Alfredson,2122065
488,District 9,2009,A,112,"Action, Sci-Fi, Thriller",7.9,81.0,Neill Blomkamp,115646235
489,The Wrestler,2008,UA,109,"Drama, Sport",7.9,80.0,Darren Aronofsky,26236603
491,Boyhood,2014,A,165,Drama,7.9,100.0,Richard Linklater,25379975
493,Star Trek,2009,UA,127,"Action, Adventure, Sci-Fi",7.9,82.0,J.J. Abrams,257730019
494,In Bruges,2008,R,107,"Comedy, Crime, Drama",7.9,67.0,Martin McDonagh,7757130
496,Letters from Iwo Jima,2006,UA,141,"Action, Adventure, Drama",7.9,89.0,Clint Eastwood,13756082
497,The Fall,2006,R,117,"Adventure, Drama, Fantasy",7.9,64.0,Tarsem Singh,2280348
498,Life of Pi,2012,U,127,"Adventure, Drama, Fantasy",7.9,79.0,Ang Lee,124987023
499,Fantastic Mr. Fox,2009,PG,87,"Animation, Adventure, Comedy",7.9,83.0,Wes Anderson,21002919
501,Les choristes,2004,PG-13,97,"Drama, Music",7.9,56.0,Christophe Barratier,3635164
502,Iron Man,2008,UA,126,"Action, Adventure, Sci-Fi",7.9,79.0,Jon Favreau,318412101
503,Shaun of the Dead,2004,UA,99,"Comedy, Horror",7.9,76.0,Edgar Wright,13542874
505,Mystic River,2003,A,138,"Crime, Drama, Mystery",7.9,84.0,Clint Eastwood,90135191
506,Harry Potter and the Prisoner of Azkaban,2004,U,142,"Adventure, Family, Fantasy",7.9,82.0,Alfonso Cuarón,249358727
507,Ying xiong,2002,PG-13,120,"Action, Adventure, History",7.9,85.0,Yimou Zhang,53710019
508,Hable con ella,2002,R,112,"Drama, Mystery, Romance",7.9,86.0,Pedro Almodóvar,9284265
509,No Man's Land,2001,R,98,"Comedy, Drama, War",7.9,84.0,Danis Tanovic,1059830
510,Cowboy Bebop: Tengoku no tobira,2001,U,115,"Animation, Action, Crime",7.9,61.0,Shin'ichirô Watanabe,1000045
511,The Bourne Identity,2002,UA,119,"Action, Mystery, Thriller",7.9,68.0,Doug Liman,121661683
512,Nueve reinas,2000,R,114,"Crime, Drama, Thriller",7.9,80.0,Fabián Bielinsky,1221261
513,Children of Men,2006,A,109,"Adventure, Drama, Sci-Fi",7.9,84.0,Alfonso Cuarón,35552383
514,Almost Famous,2000,A,122,"Adventure, Comedy, Drama",7.9,90.0,Cameron Crowe,32534850
515,Mulholland Dr.,2001,R,147,"Drama, Mystery, Thriller",7.9,85.0,David Lynch,7220243
516,Toy Story 2,1999,U,92,"Animation, Adventure, Comedy",7.9,88.0,John Lasseter,245852179
517,Boogie Nights,1997,R,155,Drama,7.9,85.0,Paul Thomas Anderson,26400640
519,Once Were Warriors,1994,A,102,"Crime, Drama",7.9,77.0,Lee Tamahori,2201126
520,True Romance,1993,R,119,"Crime, Drama, Romance",7.9,59.0,Tony Scott,12281500
521,Trois couleurs: Bleu,1993,U,94,"Drama, Music, Mystery",7.9,85.0,Krzysztof Kieslowski,1324974
523,Carlito's Way,1993,A,144,"Crime, Drama, Thriller",7.9,65.0,Brian De Palma,36948322
524,Edward Scissorhands,1990,U,105,"Drama, Fantasy, Romance",7.9,74.0,Tim Burton,56362352
525,My Left Foot: The Story of Christy Brown,1989,U,103,"Biography, Drama",7.9,97.0,Jim Sheridan,14743391
526,Crimes and Misdemeanors,1989,PG-13,104,"Comedy, Drama",7.9,77.0,Woody Allen,18254702
527,The Untouchables,1987,A,119,"Crime, Drama, Thriller",7.9,79.0,Brian De Palma,76270454
528,Hannah and Her Sisters,1986,PG-13,107,"Comedy, Drama",7.9,90.0,Woody Allen,40084041
529,Brazil,1985,U,132,"Drama, Sci-Fi",7.9,84.0,Terry Gilliam,9929135
530,This Is Spinal Tap,1984,R,82,"Comedy, Music",7.9,92.0,Rob Reiner,188751
531,A Christmas Story,1983,U,93,"Comedy, Family",7.9,77.0,Bob Clark,20605209
532,The Blues Brothers,1980,U,133,"Action, Adventure, Comedy",7.9,60.0,John Landis,57229890
533,Manhattan,1979,R,96,"Comedy, Drama, Romance",7.9,83.0,Woody Allen,45700000
534,All That Jazz,1979,A,123,"Drama, Music, Musical",7.9,72.0,Bob Fosse,37823676
535,Dawn of the Dead,1978,A,127,"Action, Adventure, Horror",7.9,71.0,George A. Romero,5100000
536,All the President's Men,1976,U,138,"Biography, Drama, History",7.9,84.0,Alan J. Pakula,70600000
537,La montaña sagrada,1973,R,114,"Adventure, Drama, Fantasy",7.9,76.0,Alejandro Jodorowsky,61001
539,Le charme discret de la bourgeoisie,1972,PG,102,Comedy,7.9,93.0,Luis Buñuel,198809
542,Patton,1970,U,172,"Biography, Drama, War",7.9,91.0,Franklin J. Schaffner,61700000
543,The Wild Bunch,1969,A,145,"Action, Adventure, Western",7.9,97.0,Sam Peckinpah,12064472
546,In the Heat of the Night,1967,U,110,"Crime, Drama, Mystery",7.9,75.0,Norman Jewison,24379978
547,Charade,1963,U,113,"Comedy, Mystery, Romance",7.9,83.0,Stanley Donen,13474588
549,Spartacus,1960,A,197,"Adventure, Biography, Drama",7.9,87.0,Stanley Kubrick,30000000
555,High Noon,1952,PG,85,"Drama, Thriller, Western",7.9,89.0,Fred Zinnemann,9450000
556,Strangers on a Train,1951,A,101,"Crime, Film-Noir, Thriller",7.9,88.0,Alfred Hitchcock,7630000
559,Notorious,1946,U,102,"Drama, Film-Noir, Romance",7.9,100.0,Alfred Hitchcock,10464000
564,The Adventures of Robin Hood,1938,PG,102,"Action, Adventure, Romance",7.9,97.0,Michael Curtiz,3981000
566,King Kong,1933,Passed,100,"Adventure, Horror, Sci-Fi",7.9,90.0,Merian C. Cooper,10000000
572,Forushande,2016,UA,124,Drama,7.8,85.0,Asghar Farhadi,2402067
573,Dunkirk,2017,UA,106,"Action, Drama, History",7.8,94.0,Christopher Nolan,188373161
575,Hidden Figures,2016,UA,127,"Biography, Drama, History",7.8,74.0,Theodore Melfi,169607287
576,Paddington 2,2017,U,103,"Adventure, Comedy, Family",7.8,88.0,Paul King,40442052
578,Kubo and the Two Strings,2016,PG,101,"Animation, Action, Adventure",7.8,84.0,Travis Knight,48023088
580,Manchester by the Sea,2016,UA,137,Drama,7.8,96.0,Kenneth Lonergan,47695120
581,Under sandet,2015,R,100,"Drama, History, War",7.8,75.0,Martin Zandvliet,435266
582,Rogue One,2016,UA,133,"Action, Adventure, Sci-Fi",7.8,65.0,Gareth Edwards,532177324
583,Captain America: Civil War,2016,UA,147,"Action, Adventure, Sci-Fi",7.8,75.0,Anthony Russo,408084349
584,The Hateful Eight,2015,A,168,"Crime, Drama, Mystery",7.8,68.0,Quentin Tarantino,54117416
585,Little Women,2019,U,135,"Drama, Romance",7.8,91.0,Greta Gerwig,108101214
586,Loving Vincent,2017,UA,94,"Animation, Biography, Crime",7.8,62.0,Dorota Kobiela,6735118
588,Le passé,2013,PG-13,130,"Drama, Mystery",7.8,85.0,Asghar Farhadi,1330596
590,The Lunchbox,2013,U,104,"Drama, Romance",7.8,76.0,Ritesh Batra,4231500
592,Big Hero 6,2014,U,102,"Animation, Action, Adventure",7.8,74.0,Don Hall,222527828
593,About Time,2013,R,123,"Comedy, Drama, Fantasy",7.8,55.0,Richard Curtis,15322921
595,Kaze tachinu,2013,PG-13,126,"Animation, Biography, Drama",7.8,83.0,Hayao Miyazaki,5209580
596,Toy Story 4,2019,U,100,"Animation, Adventure, Comedy",7.8,84.0,Josh Cooley,434038008
597,La migliore offerta,2013,R,131,"Crime, Drama, Mystery",7.8,49.0,Giuseppe Tornatore,85433
598,Moonrise Kingdom,2012,A,94,"Comedy, Drama, Romance",7.8,84.0,Wes Anderson,45512466
599,How to Train Your Dragon 2,2014,U,102,"Animation, Action, Adventure",7.8,76.0,Dean DeBlois,177002924
600,The Big Short,2015,A,130,"Biography, Comedy, Drama",7.8,81.0,Adam McKay,70259870
603,The Girl with the Dragon Tattoo,2011,R,158,"Crime, Drama, Mystery",7.8,71.0,David Fincher,102515793
604,Captain Phillips,2013,UA,134,"Adventure, Biography, Crime",7.8,82.0,Paul Greengrass,107100855
606,Straight Outta Compton,2015,R,147,"Biography, Drama, History",7.8,72.0,F. Gary Gray,161197785
607,Madeo,2009,R,129,"Crime, Drama, Mystery",7.8,79.0,Bong Joon Ho,547292
609,The Hobbit: The Desolation of Smaug,2013,UA,161,"Adventure, Fantasy",7.8,66.0,Peter Jackson,258366855
610,Das weiße Band - Eine deutsche Kindergeschichte,2009,UA,144,"Drama, History, Mystery",7.8,82.0,Michael Haneke,2222647
611,Män som hatar kvinnor,2009,R,152,"Crime, Drama, Mystery",7.8,76.0,Niels Arden Oplev,10095170
614,The Fighter,2010,UA,116,"Biography, Drama, Sport",7.8,79.0,David O. Russell,93617009
615,Taken,2008,A,90,"Action, Thriller",7.8,51.0,Pierre Morel,145000989
616,The Boy in the Striped Pyjamas,2008,PG-13,94,"Drama, History, War",7.8,55.0,Mark Herman,9030581
617,Once,2007,R,86,"Drama, Music, Romance",7.8,88.0,John Carney,9439923
618,The Hobbit: An Unexpected Journey,2012,UA,169,"Adventure, Fantasy",7.8,58.0,Peter Jackson,303003568
620,Atonement,2007,R,123,"Drama, Mystery, Romance",7.8,85.0,Joe Wright,50927067
621,Drive,2011,A,100,"Crime, Drama",7.8,78.0,Nicolas Winding Refn,35061555
622,American Gangster,2007,A,157,"Biography, Crime, Drama",7.8,76.0,Ridley Scott,130164645
623,Avatar,2009,UA,162,"Action, Adventure, Fantasy",7.8,83.0,James Cameron,760507625
624,Mr. Nobody,2009,R,141,"Drama, Fantasy, Romance",7.8,63.0,Jaco Van Dormael,3600
625,Apocalypto,2006,A,139,"Action, Adventure, Drama",7.8,68.0,Mel Gibson,50866635
626,Little Miss Sunshine,2006,UA,101,"Comedy, Drama",7.8,80.0,Jonathan Dayton,59891098
627,Hot Fuzz,2007,UA,121,"Action, Comedy, Mystery",7.8,81.0,Edgar Wright,23637265
628,The Curious Case of Benjamin Button,2008,UA,166,"Drama, Fantasy, Romance",7.8,70.0,David Fincher,127509326
629,Veer-Zaara,2004,U,192,"Drama, Family, Musical",7.8,67.0,Yash Chopra,2921738
630,Adams æbler,2005,R,94,"Comedy, Crime, Drama",7.8,51.0,Anders Thomas Jensen,1305
631,Pride & Prejudice,2005,PG,129,"Drama, Romance",7.8,82.0,Joe Wright,38405088
632,The World's Fastest Indian,2005,U,127,"Biography, Drama, Sport",7.8,68.0,Roger Donaldson,5128124
633,Tôkyô goddofâzâzu,2003,UA,90,"Animation, Adventure, Comedy",7.8,73.0,Satoshi Kon,128985
634,Serenity,2005,PG-13,119,"Action, Adventure, Sci-Fi",7.8,74.0,Joss Whedon,25514517
635,Walk the Line,2005,PG-13,136,"Biography, Drama, Music",7.8,72.0,James Mangold,119519402
637,The Notebook,2004,A,123,"Drama, Romance",7.8,53.0,Nick Cassavetes,81001787
638,Diarios de motocicleta,2004,U,126,"Adventure, Biography, Drama",7.8,75.0,Walter Salles,16756372
639,Lilja 4-ever,2002,R,109,"Crime, Drama",7.8,82.0,Lukas Moodysson,181655
640,Les triplettes de Belleville,2003,PG-13,80,"Animation, Comedy, Drama",7.8,91.0,Sylvain Chomet,7002255
642,The Count of Monte Cristo,2002,PG-13,131,"Action, Adventure, Drama",7.8,61.0,Kevin Reynolds,54234062
643,Waking Life,2001,R,99,"Animation, Drama, Fantasy",7.8,83.0,Richard Linklater,2892011
644,Remember the Titans,2000,U,113,"Biography, Drama, Sport",7.8,48.0,Boaz Yakin,115654751
645,Wo hu cang long,2000,UA,120,"Action, Adventure, Fantasy",7.8,94.0,Ang Lee,128078872
646,Todo sobre mi madre,1999,R,101,Drama,7.8,87.0,Pedro Almodóvar,8264530
647,Cast Away,2000,UA,143,"Adventure, Drama, Romance",7.8,73.0,Robert Zemeckis,233632142
648,The Boondock Saints,1999,R,108,"Action, Crime, Thriller",7.8,44.0,Troy Duffy,25812
649,The Insider,1999,UA,157,"Biography, Drama, Thriller",7.8,84.0,Michael Mann,28965197
650,October Sky,1999,PG,108,"Biography, Drama, Family",7.8,71.0,Joe Johnston,32481825
651,Shrek,2001,U,90,"Animation, Adventure, Comedy",7.8,84.0,Andrew Adamson,267665011
652,Titanic,1997,UA,194,"Drama, Romance",7.8,75.0,James Cameron,659325379
654,Gattaca,1997,UA,106,"Drama, Sci-Fi, Thriller",7.8,64.0,Andrew Niccol,12339633
655,The Game,1997,UA,129,"Action, Drama, Mystery",7.8,61.0,David Fincher,48323648
656,Breaking the Waves,1996,R,159,Drama,7.8,76.0,Lars von Trier,4040691
657,Ed Wood,1994,U,127,"Biography, Comedy, Drama",7.8,70.0,Tim Burton,5887457
658,What's Eating Gilbert Grape,1993,U,118,Drama,7.8,73.0,Lasse Hallström,9170214
659,Tombstone,1993,R,130,"Action, Biography, Drama",7.8,50.0,George P. Cosmatos,56505065
660,The Sandlot,1993,U,101,"Comedy, Drama, Family",7.8,55.0,David Mickey Evans,32416586
661,The Remains of the Day,1993,U,134,"Drama, Romance",7.8,84.0,James Ivory,22954968
663,The Fugitive,1993,U,130,"Action, Crime, Drama",7.8,87.0,Andrew Davis,183875760
664,A Bronx Tale,1993,R,121,"Crime, Drama, Romance",7.8,80.0,Robert De Niro,17266971
667,Night on Earth,1991,R,129,"Comedy, Drama",7.8,68.0,Jim Jarmusch,2015810
668,La double vie de Véronique,1991,R,98,"Drama, Fantasy, Music",7.8,86.0,Krzysztof Kieslowski,1999955
669,Boyz n the Hood,1991,A,112,"Crime, Drama",7.8,76.0,John Singleton,57504069
670,Misery,1990,R,107,"Drama, Thriller",7.8,75.0,Rob Reiner,61276872
671,Awakenings,1990,U,121,"Biography, Drama",7.8,74.0,Penny Marshall,52096475
673,Glory,1989,R,122,"Biography, Drama, History",7.8,78.0,Edward Zwick,26830000
675,Back to the Future Part II,1989,U,108,"Adventure, Comedy, Sci-Fi",7.8,57.0,Robert Zemeckis,118500000
676,Mississippi Burning,1988,A,128,"Crime, Drama, History",7.8,65.0,Alan Parker,34603943
677,Predator,1987,A,107,"Action, Adventure, Sci-Fi",7.8,45.0,John McTiernan,59735548
678,Evil Dead II,1987,A,84,"Action, Comedy, Fantasy",7.8,72.0,Sam Raimi,5923044
679,Ferris Bueller's Day Off,1986,U,103,Comedy,7.8,61.0,John Hughes,70136369
680,Down by Law,1986,R,107,"Comedy, Crime, Drama",7.8,75.0,Jim Jarmusch,1436000
681,The Goonies,1985,U,114,"Adventure, Comedy, Family",7.8,62.0,Richard Donner,61503218
682,The Color Purple,1985,U,154,Drama,7.8,78.0,Steven Spielberg,98467863
683,The Breakfast Club,1985,UA,97,"Comedy, Drama",7.8,66.0,John Hughes,45875171
684,The Killing Fields,1984,UA,141,"Biography, Drama, History",7.8,76.0,Roland Joffé,34700291
685,Ghostbusters,1984,UA,105,"Action, Comedy, Fantasy",7.8,71.0,Ivan Reitman,238632124
686,The Right Stuff,1983,PG,193,"Adventure, Biography, Drama",7.8,91.0,Philip Kaufman,21500000
687,The King of Comedy,1982,U,109,"Comedy, Crime, Drama",7.8,73.0,Martin Scorsese,2500000
688,E.T. the Extra-Terrestrial,1982,U,115,"Family, Sci-Fi",7.8,91.0,Steven Spielberg,435110554
689,Kramer vs. Kramer,1979,A,105,Drama,7.8,77.0,Robert Benton,106260000
691,The Outlaw Josey Wales,1976,A,135,Western,7.8,69.0,Clint Eastwood,31800000
693,The Conversation,1974,U,113,"Drama, Mystery, Thriller",7.8,85.0,Francis Ford Coppola,4420000
694,La planète sauvage,1973,U,72,"Animation, Sci-Fi",7.8,73.0,René Laloux,193817
695,The Day of the Jackal,1973,A,143,"Crime, Drama, Thriller",7.8,80.0,Fred Zinnemann,16056255
697,Cabaret,1972,A,124,"Drama, Music, Musical",7.8,80.0,Bob Fosse,42765000
698,Willy Wonka & the Chocolate Factory,1971,U,100,"Family, Fantasy, Musical",7.8,67.0,Mel Stuart,4000000
699,Midnight Cowboy,1969,A,113,Drama,7.8,79.0,John Schlesinger,44785053
703,My Fair Lady,1964,U,170,"Drama, Family, Musical",7.8,95.0,George Cukor,72000000
704,Mary Poppins,1964,U,139,"Comedy, Family, Fantasy",7.8,88.0,Robert Stevenson,102272727
705,The Longest Day,1962,G,178,"Action, Drama, History",7.8,75.0,Ken Annakin,39100000
707,The Innocents,1961,A,100,Horror,7.8,88.0,Jack Clayton,2616000
722,Deadpool 2,2018,R,119,"Action, Adventure, Comedy",7.7,66.0,David Leitch,324591735
723,Wind River,2017,R,107,"Crime, Drama, Mystery",7.7,73.0,Taylor Sheridan,33800859
724,Get Out,2017,R,104,"Horror, Mystery, Thriller",7.7,85.0,Jordan Peele,176040665
725,Mission: Impossible - Fallout,2018,UA,147,"Action, Adventure, Thriller",7.7,86.0,Christopher McQuarrie,220159104
726,En man som heter Ove,2015,PG-13,116,"Comedy, Drama, Romance",7.7,70.0,Hannes Holm,3358518
727,What We Do in the Shadows,2014,R,86,"Comedy, Horror",7.7,76.0,Jemaine Clement,3333000
728,Omoide no Mânî,2014,U,103,"Animation, Drama, Family",7.7,72.0,James Simone,765127
729,The Theory of Everything,2014,U,123,"Biography, Drama, Romance",7.7,72.0,James Marsh,35893537
730,Kingsman: The Secret Service,2014,A,129,"Action, Adventure, Comedy",7.7,60.0,Matthew Vaughn,128261724
731,The Fault in Our Stars,2014,UA,126,"Drama, Romance",7.7,69.0,Josh Boone,124872350
732,Me and Earl and the Dying Girl,2015,PG-13,105,"Comedy, Drama",7.7,74.0,Alfonso Gomez-Rejon,6743776
733,Birdman or (The Unexpected Virtue of Ignorance),2014,A,119,"Comedy, Drama",7.7,87.0,Alejandro G. Iñárritu,42340598
734,La vie d'Adèle,2013,A,180,"Drama, Romance",7.7,89.0,Abdellatif Kechiche,2199675
735,Kai po che!,2013,U,130,"Drama, Sport",7.7,40.0,Abhishek Kapoor,1122527
737,Captain America: The Winter Soldier,2014,UA,136,"Action, Adventure, Sci-Fi",7.7,70.0,Anthony Russo,259766572
739,Nebraska,2013,UA,115,"Adventure, Comedy, Drama",7.7,87.0,Alexander Payne,17654912
740,Wreck-It Ralph,2012,U,101,"Animation, Adventure, Comedy",7.7,72.0,Rich Moore,189422889
741,Le Petit Prince,2015,PG,108,"Animation, Adventure, Drama",7.7,70.0,Mark Osborne,1339152
743,Midnight in Paris,2011,PG-13,96,"Comedy, Fantasy, Romance",7.7,81.0,Woody Allen,56816662
744,The Lego Movie,2014,U,100,"Animation, Action, Adventure",7.7,83.0,Christopher Miller,257760692
745,Gravity,2013,UA,91,"Drama, Sci-Fi, Thriller",7.7,96.0,Alfonso Cuarón,274092705
746,Star Trek Into Darkness,2013,UA,132,"Action, Adventure, Sci-Fi",7.7,72.0,J.J. Abrams,228778661
748,The Social Network,2010,UA,120,"Biography, Drama",7.7,95.0,David Fincher,96962694
749,X: First Class,2011,UA,131,"Action, Adventure, Sci-Fi",7.7,65.0,Matthew Vaughn,146408305
750,The Hangover,2009,UA,100,Comedy,7.7,73.0,Todd Phillips,277322503
751,Skyfall,2012,UA,143,"Action, Adventure, Thriller",7.7,81.0,Sam Mendes,304360277
752,Silver Linings Playbook,2012,A,122,"Comedy, Drama, Romance",7.7,81.0,David O. Russell,132092958
753,Argo,2012,A,120,"Biography, Drama, Thriller",7.7,86.0,Ben Affleck,136025503
754,(500) Days of Summer,2009,UA,95,"Comedy, Drama, Romance",7.7,76.0,Marc Webb,32391374
755,Harry Potter and the Deathly Hallows: Part 1,2010,A,146,"Adventure, Family, Fantasy",7.7,65.0,David Yates,295983305
756,Gake no ue no Ponyo,2008,U,101,"Animation, Adventure, Comedy",7.7,86.0,Hayao Miyazaki,15090400
757,Frost/Nixon,2008,R,122,"Biography, Drama, History",7.7,80.0,Ron Howard,18593156
758,Papurika,2006,U,90,"Animation, Drama, Fantasy",7.7,81.0,Satoshi Kon,881302
759,Changeling,2008,R,141,"Biography, Crime, Drama",7.7,63.0,Clint Eastwood,35739802
760,Flipped,2010,PG,90,"Comedy, Drama, Romance",7.7,45.0,Rob Reiner,1752214
764,Ex Machina,2014,UA,108,"Drama, Sci-Fi, Thriller",7.7,78.0,Alex Garland,25442958
765,Efter brylluppet,2006,R,120,Drama,7.7,78.0,Susanne Bier,412544
766,The Last King of Scotland,2006,R,123,"Biography, Drama, History",7.7,74.0,Kevin Macdonald,17605861
767,Zodiac,2007,UA,157,"Crime, Drama, Mystery",7.7,78.0,David Fincher,33080084
768,Lucky Number Slevin,2006,R,110,"Action, Crime, Drama",7.7,53.0,Paul McGuigan,22494487
769,Joyeux Noël,2005,PG-13,116,"Drama, History, Music",7.7,70.0,Christian Carion,1054361
770,Control,2007,R,122,"Biography, Drama, Music",7.7,78.0,Anton Corbijn,871577
771,Tangled,2010,U,100,"Animation, Adventure, Comedy",7.7,71.0,Nathan Greno,200821936
772,Zwartboek,2006,R,145,"Drama, Thriller, War",7.7,71.0,Paul Verhoeven,4398392
773,Brokeback Mountain,2005,A,134,"Drama, Romance",7.7,87.0,Ang Lee,83043761
774,3:10 to Yuma,2007,A,122,"Action, Crime, Drama",7.7,76.0,James Mangold,53606916
775,Crash,2004,UA,112,"Crime, Drama, Thriller",7.7,66.0,Paul Haggis,54580300
776,Kung fu,2004,UA,99,"Action, Comedy, Fantasy",7.7,78.0,Stephen Chow,17108591
777,The Bourne Supremacy,2004,A,108,"Action, Mystery, Thriller",7.7,73.0,Paul Greengrass,176241941
778,The Machinist,2004,R,101,"Drama, Thriller",7.7,61.0,Brad Anderson,1082715
779,Ray,2004,A,152,"Biography, Drama, Music",7.7,73.0,Taylor Hackford,75331600
780,Lost in Translation,2003,UA,102,"Comedy, Drama",7.7,89.0,Sofia Coppola,44585453
781,Harry Potter and the Goblet of Fire,2005,UA,157,"Adventure, Family, Fantasy",7.7,81.0,Mike Newell,290013036
782,Man on Fire,2004,UA,146,"Action, Crime, Drama",7.7,47.0,Tony Scott,77911774
783,Coraline,2009,U,100,"Animation, Drama, Family",7.7,80.0,Henry Selick,75286229
784,The Last Samurai,2003,UA,154,"Action, Drama",7.7,55.0,Edward Zwick,111110575
785,The Magdalene Sisters,2002,R,114,Drama,7.7,83.0,Peter Mullan,4890878
786,Good Bye Lenin!,2003,R,121,"Comedy, Drama, Romance",7.7,68.0,Wolfgang Becker,4064200
787,In America,2002,PG-13,105,Drama,7.7,76.0,Jim Sheridan,15539266
788,I Am Sam,2001,PG-13,132,Drama,7.7,28.0,Jessie Nelson,40311852
789,Adaptation.,2002,R,115,"Comedy, Drama",7.7,83.0,Spike Jonze,22245861
790,Black Hawk Down,2001,A,144,"Drama, History, War",7.7,74.0,Ridley Scott,108638745
791,Road to Perdition,2002,A,117,"Crime, Drama, Thriller",7.7,72.0,Sam Mendes,104454762
792,Das Experiment,2001,R,120,"Drama, Thriller",7.7,60.0,Oliver Hirschbiegel,141072
793,Billy Elliot,2000,R,110,"Drama, Music",7.7,74.0,Stephen Daldry,21995263
794,Hedwig and the Angry Inch,2001,R,95,"Comedy, Drama, Music",7.7,85.0,John Cameron Mitchell,3029081
795,Ocean's Eleven,2001,UA,116,"Crime, Thriller",7.7,74.0,Steven Soderbergh,183417150
796,Vampire Hunter D: Bloodlust,2000,U,103,"Animation, Action, Fantasy",7.7,62.0,Yoshiaki Kawajiri,151086
797,"O Brother, Where Art Thou?",2000,U,107,"Adventure, Comedy, Crime",7.7,69.0,Joel Coen,45512588
799,"South Park: Bigger, Longer & Uncut",1999,A,81,"Animation, Comedy, Fantasy",7.7,73.0,Trey Parker,52037603
800,Office Space,1999,R,89,Comedy,7.7,68.0,Mike Judge,10824921
802,Training Day,2001,A,122,"Crime, Drama, Thriller",7.7,69.0,Antoine Fuqua,76631907
803,Rushmore,1998,UA,93,"Comedy, Drama, Romance",7.7,86.0,Wes Anderson,17105219
805,Being John Malkovich,1999,R,113,"Comedy, Drama, Fantasy",7.7,90.0,Spike Jonze,22858926
806,As Good as It Gets,1997,A,139,"Comedy, Drama, Romance",7.7,67.0,James L. Brooks,148478011
807,The Fifth Element,1997,UA,126,"Action, Adventure, Sci-Fi",7.7,52.0,Luc Besson,63540020
808,Le dîner de cons,1998,PG-13,80,Comedy,7.7,73.0,Francis Veber,4065116
809,Donnie Brasco,1997,A,127,"Biography, Crime, Drama",7.7,76.0,Mike Newell,41909762
810,Shine,1996,U,105,"Biography, Drama, Music",7.7,87.0,Scott Hicks,35811509
811,Primal Fear,1996,A,129,"Crime, Drama, Mystery",7.7,47.0,Gregory Hoblit,56116183
813,A Little Princess,1995,U,97,"Drama, Family, Fantasy",7.7,83.0,Alfonso Cuarón,10019307
815,Il postino,1994,U,108,"Biography, Comedy, Drama",7.7,81.0,Michael Radford,21848932
816,Clerks,1994,R,92,Comedy,7.7,70.0,Kevin Smith,3151130
817,Short Cuts,1993,R,188,"Comedy, Drama",7.7,79.0,Robert Altman,6110979
818,Philadelphia,1993,UA,125,Drama,7.7,66.0,Jonathan Demme,77324422
819,The Muppet Christmas Carol,1992,G,85,"Comedy, Drama, Family",7.7,64.0,Brian Henson,27281507
820,Malcolm X,1992,U,202,"Biography, Drama, History",7.7,73.0,Spike Lee,48169908
821,The Last of the Mohicans,1992,UA,112,"Action, Adventure, Drama",7.7,76.0,Michael Mann,75505856
823,Glengarry Glen Ross,1992,R,100,"Crime, Drama, Mystery",7.7,82.0,James Foley,10725228
824,A Few Good Men,1992,U,138,"Drama, Thriller",7.7,62.0,Rob Reiner,141340178
825,Fried Green Tomatoes,1991,PG-13,130,Drama,7.7,64.0,Jon Avnet,82418501
826,Barton Fink,1991,U,116,"Comedy, Drama, Thriller",7.7,69.0,Joel Coen,6153939
827,Miller's Crossing,1990,R,115,"Crime, Drama, Thriller",7.7,66.0,Joel Coen,5080409
828,Who Framed Roger Rabbit,1988,U,104,"Animation, Adventure, Comedy",7.7,83.0,Robert Zemeckis,156452370
830,Withnail & I,1987,R,107,"Comedy, Drama",7.7,84.0,Bruce Robinson,1544889
831,The Last Emperor,1987,U,163,"Biography, Drama, History",7.7,76.0,Bernardo Bertolucci,43984230
832,Empire of the Sun,1987,U,153,"Action, Drama, History",7.7,62.0,Steven Spielberg,22238696
833,Der Name der Rose,1986,R,130,"Crime, Drama, Mystery",7.7,54.0,Jean-Jacques Annaud,7153487
834,Blue Velvet,1986,A,120,"Drama, Mystery, Thriller",7.7,76.0,David Lynch,8551228
835,The Purple Rose of Cairo,1985,U,82,"Comedy, Fantasy, Romance",7.7,75.0,Woody Allen,10631333
836,After Hours,1985,UA,97,"Comedy, Crime, Drama",7.7,90.0,Martin Scorsese,10600000
838,The Verdict,1982,U,129,Drama,7.7,77.0,Sidney Lumet,54000000
839,Star Trek II: The Wrath of Khan,1982,U,113,"Action, Adventure, Sci-Fi",7.7,67.0,Nicholas Meyer,78912963
840,First Blood,1982,A,93,"Action, Adventure",7.7,61.0,Ted Kotcheff,47212904
841,Ordinary People,1980,U,124,Drama,7.7,86.0,Robert Redford,54800000
842,Airplane!,1980,U,88,Comedy,7.7,78.0,Jim Abrahams,83400000
844,Halloween,1978,A,91,"Horror, Thriller",7.7,87.0,John Carpenter,47000000
845,Le locataire,1976,R,126,"Drama, Thriller",7.7,71.0,Roman Polanski,1924733
848,Blazing Saddles,1974,A,93,"Comedy, Western",7.7,73.0,Mel Brooks,119500000
849,Serpico,1973,A,130,"Biography, Crime, Drama",7.7,87.0,Sidney Lumet,29800000
850,Enter the Dragon,1973,A,102,"Action, Crime, Drama",7.7,83.0,Robert Clouse,25000000
851,Deliverance,1972,U,109,"Adventure, Drama, Thriller",7.7,80.0,John Boorman,7056013
852,The French Connection,1971,A,104,"Action, Crime, Drama",7.7,94.0,William Friedkin,15630710
853,Dirty Harry,1971,A,102,"Action, Crime, Thriller",7.7,90.0,Don Siegel,35900000
855,The Odd Couple,1968,G,105,Comedy,7.7,86.0,Gene Saks,44527234
858,A Man for All Seasons,1966,U,120,"Biography, Drama, History",7.7,72.0,Fred Zinnemann,28350000
861,Goldfinger,1964,A,110,"Action, Adventure, Thriller",7.7,87.0,Guy Hamilton,51081062
862,The Birds,1963,A,119,"Drama, Horror, Mystery",7.7,90.0,Alfred Hitchcock,11403529
865,The Magnificent Seven,1960,Approved,128,"Action, Adventure, Western",7.7,74.0,John Sturges,4905000
873,The African Queen,1951,PG,105,"Adventure, Drama, Romance",7.7,91.0,John Huston,536118
875,Fantasia,1940,G,125,"Animation, Family, Fantasy",7.7,96.0,James Algar,76408097
878,Searching,2018,U/A,102,"Drama, Mystery, Thriller",7.6,71.0,Aneesh Chaganty,26020957
879,Once Upon a Time... in Hollywood,2019,A,161,"Comedy, Drama",7.6,83.0,Quentin Tarantino,142502728
880,Nelyubov,2017,R,127,Drama,7.6,86.0,Andrey Zvyagintsev,566356
881,The Florida Project,2017,A,111,Drama,7.6,92.0,Sean Baker,5904366
883,Gifted,2017,PG-13,101,Drama,7.6,60.0,Marc Webb,24801212
884,The Peanut Butter Falcon,2019,PG-13,97,"Adventure, Comedy, Drama",7.6,70.0,Tyler Nilson,13122642
886,Mustang,2015,PG-13,97,Drama,7.6,83.0,Deniz Gamze Ergüven,845464
887,Guardians of the Galaxy Vol. 2,2017,UA,136,"Action, Adventure, Comedy",7.6,67.0,James Gunn,389813101
888,Baby Driver,2017,UA,113,"Action, Crime, Drama",7.6,86.0,Edgar Wright,107825862
889,Only the Brave,2017,UA,134,"Action, Biography, Drama",7.6,72.0,Joseph Kosinski,18340051
890,Bridge of Spies,2015,UA,142,"Drama, History, Thriller",7.6,81.0,Steven Spielberg,72313754
891,Incredibles 2,2018,UA,118,"Animation, Action, Adventure",7.6,80.0,Brad Bird,608581744
892,Moana,2016,U,107,"Animation, Adventure, Comedy",7.6,81.0,Ron Clements,248757044
893,Sicario,2015,A,121,"Action, Crime, Drama",7.6,82.0,Denis Villeneuve,46889293
894,Creed,2015,A,133,"Drama, Sport",7.6,82.0,Ryan Coogler,109767581
895,Leviafan,2014,R,140,"Crime, Drama",7.6,92.0,Andrey Zvyagintsev,1092800
896,Hell or High Water,2016,R,102,"Action, Crime, Drama",7.6,88.0,David Mackenzie,26862450
897,Philomena,2013,PG-13,98,"Biography, Comedy, Drama",7.6,77.0,Stephen Frears,37707719
898,Dawn of the Planet of the Apes,2014,UA,130,"Action, Adventure, Drama",7.6,79.0,Matt Reeves,208545589
900,Serbuan maut,2011,A,101,"Action, Thriller",7.6,73.0,Gareth Evans,4105123
901,End of Watch,2012,A,109,"Action, Crime, Drama",7.6,68.0,David Ayer,41003371
902,Kari-gurashi no Arietti,2010,U,94,"Animation, Adventure, Family",7.6,80.0,Hiromasa Yonebayashi,19202743
903,A Star Is Born,2018,UA,136,"Drama, Music, Romance",7.6,88.0,Bradley Cooper,215288866
904,True Grit,2010,PG-13,110,"Drama, Western",7.6,80.0,Ethan Coen,171243005
905,Hævnen,2010,R,118,"Drama, Romance",7.6,65.0,Susanne Bier,1008098
906,Despicable Me,2010,U,95,"Animation, Comedy, Crime",7.6,72.0,Pierre Coffin,251513985
907,50/50,2011,R,100,"Comedy, Drama, Romance",7.6,72.0,Jonathan Levine,35014192
908,Kick-Ass,2010,UA,117,"Action, Comedy, Crime",7.6,66.0,Matthew Vaughn,48071303
910,Moneyball,2011,PG-13,133,"Biography, Drama, Sport",7.6,87.0,Bennett Miller,75605492
911,La piel que habito,2011,R,120,"Drama, Horror, Thriller",7.6,70.0,Pedro Almodóvar,3185812
912,Zombieland,2009,A,88,"Adventure, Comedy, Fantasy",7.6,73.0,Ruben Fleischer,75590286
914,Sherlock Holmes,2009,PG-13,128,"Action, Adventure, Mystery",7.6,57.0,Guy Ritchie,209028679
915,The Blind Side,2009,UA,129,"Biography, Drama, Sport",7.6,53.0,John Lee Hancock,255959475
916,The Visitor,2007,PG-13,104,Drama,7.6,79.0,Tom McCarthy,9422422
917,Seven Pounds,2008,UA,123,Drama,7.6,36.0,Gabriele Muccino,69951824
918,Eastern Promises,2007,R,100,"Action, Crime, Drama",7.6,82.0,David Cronenberg,17114882
919,Stardust,2007,U,127,"Adventure, Family, Fantasy",7.6,66.0,Matthew Vaughn,38634938
921,Inside Man,2006,R,129,"Crime, Drama, Mystery",7.6,76.0,Spike Lee,88513495
922,Gone Baby Gone,2007,R,114,"Crime, Drama, Mystery",7.6,72.0,Ben Affleck,20300218
923,La Vie En Rose,2007,PG-13,140,"Biography, Drama, Music",7.6,66.0,Olivier Dahan,10301706
924,Huo Yuan Jia,2006,PG-13,104,"Action, Biography, Drama",7.6,70.0,Ronny Yu,24633730
925,The Illusionist,2006,U,110,"Drama, Fantasy, Mystery",7.6,68.0,Neil Burger,39868642
927,Harry Potter and the Half-Blood Prince,2009,UA,153,"Action, Adventure, Family",7.6,78.0,David Yates,301959197
928,300,2006,A,117,"Action, Drama",7.6,52.0,Zack Snyder,210614939
929,Match Point,2005,R,124,"Drama, Romance, Thriller",7.6,72.0,Woody Allen,23089926
930,Watchmen,2009,A,162,"Action, Drama, Mystery",7.6,56.0,Zack Snyder,107509799
931,Lord of War,2005,R,122,"Action, Crime, Drama",7.6,62.0,Andrew Niccol,24149632
932,Saw,2004,UA,103,"Horror, Mystery, Thriller",7.6,46.0,James Wan,56000369
933,"Synecdoche, New York",2008,R,124,Drama,7.6,67.0,Charlie Kaufman,3081925
934,Mysterious Skin,2004,R,105,Drama,7.6,73.0,Gregg Araki,697181
935,Jeux d'enfants,2003,R,93,"Comedy, Drama, Romance",7.6,45.0,Yann Samuell,548707
936,Un long dimanche de fiançailles,2004,U,133,"Drama, Mystery, Romance",7.6,76.0,Jean-Pierre Jeunet,6167817
937,The Station Agent,2003,R,89,"Comedy, Drama",7.6,81.0,Tom McCarthy,5739376
938,21 Grams,2003,UA,124,"Crime, Drama, Thriller",7.6,70.0,Alejandro G. Iñárritu,16290476
939,Boksuneun naui geot,2002,R,129,"Crime, Drama, Thriller",7.6,56.0,Chan-wook Park,45289
940,Finding Neverland,2004,U,106,"Biography, Drama, Family",7.6,67.0,Marc Forster,51680613
941,25th Hour,2002,R,135,Drama,7.6,68.0,Spike Lee,13060843
942,The Butterfly Effect,2004,U,113,"Drama, Sci-Fi, Thriller",7.6,30.0,Eric Bress,57938693
943,28 Days Later...,2002,A,113,"Drama, Horror, Sci-Fi",7.6,73.0,Danny Boyle,45064915
945,The Royal Tenenbaums,2001,A,110,"Comedy, Drama",7.6,76.0,Wes Anderson,52364010
946,Y tu mamá también,2001,A,106,Drama,7.6,88.0,Alfonso Cuarón,13622333
947,Harry Potter and the Sorcerer's Stone,2001,U,152,"Adventure, Family, Fantasy",7.6,64.0,Chris Columbus,317575550
948,The Others,2001,PG-13,101,"Horror, Mystery, Thriller",7.6,74.0,Alejandro Amenábar,96522687
949,Blow,2001,R,124,"Biography, Crime, Drama",7.6,52.0,Ted Demme,52990775
950,Enemy at the Gates,2001,A,131,"Drama, History, War",7.6,53.0,Jean-Jacques Annaud,51401758
951,Minority Report,2002,A,145,"Action, Crime, Mystery",7.6,80.0,Steven Spielberg,132072926
952,The Hurricane,1999,R,146,"Biography, Drama, Sport",7.6,74.0,Norman Jewison,50668906
953,American Psycho,2000,A,101,"Comedy, Crime, Drama",7.6,64.0,Mary Harron,15070285
954,Lola rennt,1998,UA,81,"Crime, Drama, Thriller",7.6,77.0,Tom Tykwer,7267585
955,The Thin Red Line,1998,A,170,"Drama, War",7.6,78.0,Terrence Malick,36400491
956,Mulan,1998,U,88,"Animation, Adventure, Family",7.6,71.0,Tony Bancroft,120620254
957,Fear and Loathing in Las Vegas,1998,R,118,"Adventure, Comedy, Drama",7.6,41.0,Terry Gilliam,10680275
959,Dark City,1998,A,100,"Mystery, Sci-Fi, Thriller",7.6,66.0,Alex Proyas,14378331
960,Sleepers,1996,UA,147,"Crime, Drama, Thriller",7.6,49.0,Barry Levinson,49100000
961,Lost Highway,1997,A,134,"Mystery, Thriller",7.6,52.0,David Lynch,3796699
962,Sense and Sensibility,1995,U,136,"Drama, Romance",7.6,84.0,Ang Lee,43182776
963,Die Hard: With a Vengeance,1995,A,128,"Action, Adventure, Thriller",7.6,58.0,John McTiernan,100012499
964,Dead Man,1995,R,121,"Adventure, Drama, Fantasy",7.6,62.0,Jim Jarmusch,1037847
965,The Bridges of Madison County,1995,A,135,"Drama, Romance",7.6,69.0,Clint Eastwood,71516617
966,Apollo 13,PG,U,140,"Adventure, Drama, History",7.6,77.0,Ron Howard,173837933
967,Trois couleurs: Blanc,1994,U,92,"Comedy, Drama, Romance",7.6,88.0,Krzysztof Kieslowski,1464625
968,Falling Down,1993,R,113,"Action, Crime, Drama",7.6,56.0,Joel Schumacher,40903593
969,Dazed and Confused,1993,U,102,Comedy,7.6,78.0,Richard Linklater,7993039
970,My Cousin Vinny,1992,UA,120,"Comedy, Crime",7.6,68.0,Jonathan Lynn,52929168
971,Omohide poro poro,1991,U,118,"Animation, Drama, Romance",7.6,90.0,Isao Takahata,453243
972,Delicatessen,1991,R,99,"Comedy, Crime",7.6,66.0,Marc Caro,1794187
973,Home Alone,1990,U,103,"Comedy, Family",7.6,63.0,Chris Columbus,285761243
974,The Godfather: Part III,1990,A,162,"Crime, Drama",7.6,60.0,Francis Ford Coppola,66666062
975,When Harry Met Sally...,1989,UA,95,"Comedy, Drama, Romance",7.6,76.0,Rob Reiner,92823600
976,The Little Mermaid,1989,U,83,"Animation, Family, Fantasy",7.6,88.0,Ron Clements,111543479
977,The Naked Gun: From the Files of Police Squad!,1988,U,85,"Comedy, Crime",7.6,76.0,David Zucker,78756177
978,"Planes, Trains & Automobiles",1987,U,93,"Comedy, Drama",7.6,72.0,John Hughes,49530280
979,Lethal Weapon,1987,A,109,"Action, Crime, Thriller",7.6,68.0,Richard Donner,65207127
980,Blood Simple,1984,A,99,"Crime, Drama, Thriller",7.6,82.0,Joel Coen,2150000
981,On Golden Pond,1981,UA,109,Drama,7.6,68.0,Mark Rydell,119285432
982,Mad Max 2,1981,A,96,"Action, Adventure, Sci-Fi",7.6,77.0,George Miller,12465371
983,The Warriors,1979,UA,92,"Action, Crime, Thriller",7.6,65.0,Walter Hill,22490039
984,The Muppet Movie,1979,U,95,"Adventure, Comedy, Family",7.6,74.0,James Frawley,76657000
985,Escape from Alcatraz,1979,A,112,"Action, Biography, Crime",7.6,76.0,Don Siegel,43000000
987,Midnight Express,1978,A,121,"Biography, Crime, Drama",7.6,59.0,Alan Parker,35000000
988,Close Encounters of the Third Kind,1977,U,138,"Drama, Sci-Fi",7.6,90.0,Steven Spielberg,132088635
989,The Long Goodbye,1973,A,112,"Comedy, Crime, Drama",7.6,87.0,Robert Altman,959000
990,Giù la testa,1971,PG,157,"Drama, War, Western",7.6,77.0,Sergio Leone,696690
991,Kelly's Heroes,1970,GP,144,"Adventure, Comedy, War",7.6,50.0,Brian G. Hutton,1378435
992,The Jungle Book,1967,U,78,"Animation, Adventure, Family",7.6,65.0,Wolfgang Reitherman,141843612
994,A Hard Day's Night,1964,U,87,"Comedy, Music, Musical",7.6,96.0,Richard Lester,13780024
997,From Here to Eternity,1953,Passed,118,"Drama, Romance, War",7.6,85.0,Fred Zinnemann,30500000
